comment,replies,date,user_name
"King Gizzard and the Lizard Wizard's Gear:
Mesa Boogie PowerHouse Attenuator - https://sweetwater.sjv.io/q4e3Wj
Fender Hot Rod Deluxe - https://sweetwater.sjv.io/DKjgB2
Boss TU-3 - https://sweetwater.sjv.io/jryA4M
Boss DD-3T - http://sweetwater.sjv.io/21QdzO
Fender Wah - https://sweetwater.sjv.io/jrM3Rv
Dunlop Volume X Mini - https://sweetwater.sjv.io/q4n5vq
Gibson Flying V - https://sweetwater.sjv.io/B0q0z9
Dunlop Cry Baby - https://sweetwater.sjv.io/AWa9Xx
Strymon Sunset - https://sweetwater.sjv.io/3eOoKK
EHX Flatiron Fuzz - https://sweetwater.sjv.io/k0734n
Wampler Ego - https://sweetwater.sjv.io/anBmNb
Boss LS-2 - https://sweetwater.sjv.io/ZQ1EbQ","['No links at all to any gear NOT from America.\n\nNice, well played.', ""\u200b@@claudevieaul1465You're a grown up. Google exists"", ""I reckon you guys a missing a beat with your mid-vid ads. Showing off a version of the pedalboard that matches (as much as sensibly possible)  the rig rundown act, I think you'd get a *lot* of interest.""]",2024-10-23T15:41:47Z,@premierguitar
"Some serious facial handle-bars going on here. As a hairy man, I approve.",[],2024-11-10T00:22:24Z,@shayneoneill1506
Stu Mackenzie seems like an amazing human to have a conversation with,[],2024-11-09T19:44:22Z,@pigeontwister
Says like too much. Itâ€™s like weird.,[],2024-11-09T09:50:01Z,@cassidicci4
JOEY GOT WAVESâ‰ï¸â‰ï¸â‰ï¸,[],2024-11-09T08:22:18Z,@goose_esooge
Itâ€™s so weird hearing an Australian accent on YouTube as an Aussie myself ğŸ˜‚,[],2024-11-09T04:59:19Z,@SquizbarDeAlienOfficial
Learning about this band has been one of the best things to ever happen to me,[],2024-11-09T04:08:29Z,@kobaltimusprime4847
i forgot the do microtonal and was like wtf is that guitar so out of tune,[],2024-11-08T21:18:45Z,@ElmoRitter
Like like like like like like like like,[],2024-11-08T19:48:41Z,@joaocruz3292
Lads on the bag in America love to see it,[],2024-11-08T13:52:23Z,@dadthedrugexpert6721
I need more metal from these guys,[],2024-11-07T13:14:14Z,@Elwin-w3v
Didn't realize MrBallen was in a bad,[],2024-11-05T20:28:12Z,@sausage_fingerz6802
I wonder did stu knows Turkish electric microtonal instrument 'caglama' . people who is in to this type of sht should check it !,[],2024-11-05T08:42:51Z,@jaanlove-y4t
Cant take my eyes off the shirt,[],2024-11-04T20:17:48Z,@weekend-phantom
"Its funny seeing so many people in the comments finding their fashion sense remarkable, but for me living in Melbourne its so normal it didn't even register to me as unusual in any way. Every second person you see walking around in Brunswick or Fitzroy is dressed like this.",[],2024-11-04T09:42:22Z,@d-culture927
They totally sound like shit haha,[],2024-11-04T06:23:06Z,@berniebro420
Woah I saw them in Nashville on this same night,[],2024-11-04T02:05:38Z,@Xerin
rip stu's hagstrom,[],2024-11-04T01:51:02Z,@loinbread
"As Australians we need to stop saying ""like"" so much lmao",[],2024-11-04T01:24:15Z,@biggeorgewardlaw
"that second of ""knoflery shit"" was a gem!",[],2024-11-03T09:51:26Z,@matteopremoli9552
Wearing crocs on stage ğŸ˜‚ clown,[],2024-11-03T08:35:22Z,@worldofcricketchannel
Man what a band ğŸ˜‚,[],2024-11-03T08:34:32Z,@worldofcricketchannel
Darkthrone + Crocs. This is gizzard,[],2024-11-03T06:36:11Z,@VonSlakken
dios bendiga kgatlw,[],2024-11-02T22:20:42Z,@2012plu
Joeeeeee. Wearing crocs ğŸ˜‚ğŸ¤£ğŸŠ,[],2024-11-02T20:07:51Z,@BolognaShip
this premier guitar guy is a nerd,[],2024-11-02T19:46:41Z,@s4gviews
Where was this video 4 years ago when I had no clue about pedals and how gizz created this sound,[],2024-11-02T16:47:01Z,@adriansullivan4433
Guy like cant like string 3 like words together like,[],2024-11-02T01:00:09Z,@jaceacekalgoorlie
dark throne and crocs is a vibe,[],2024-11-01T16:37:03Z,@then_comes_dudley
Crocs ftw!,[],2024-11-01T03:40:01Z,@Theworthyton.
12 notes in an octave??,"['Well my friend, an octave has 8 notes. If we start at A: A B C D E F G A (at a higher pitch). But then if we look at the 12-step Western Music scale, an octave can be said to have 12 notes, because you include the semitones: A# C# D# F# G# and we curiously donâ€™t include the higher pitched A in our count (probably because humans like even numbers).\nThis is how the frets of a guitar are laid out. But if you include the microtonal â€œin betweenâ€ notes, well you can make however many notes/frets in an octave as you want.\nSo you see, music is relative, and Joey realizes that the only thing that really matters is the ability to melt your face with his guitar playing while wearing blue crocs.\nHave a good day!']",2024-10-31T03:23:15Z,@j49683
I need more microtonal gizz,[],2024-10-30T23:53:22Z,@Phatlove123
Gotta love these boys,[],2024-10-30T20:50:09Z,@iamaidens
We have a rig rundown of the legends themselves â¤,[],2024-10-30T12:08:34Z,@Crumpet_Central_
wheres the fucking jason brand foot model,[],2024-10-30T03:48:06Z,@spectratio
Stu seems like he's on opiates. Lol,[],2024-10-30T03:33:07Z,@crypticreality8484
For the life of me I canâ€™t get into this bands music,[],2024-10-29T22:31:08Z,@joythief
Gizz is the best band around right now.,[],2024-10-29T17:44:05Z,@MysticArchmage
"Hell yeah, love seeing another Strymon Sunset user",[],2024-10-29T17:38:23Z,@Whoosh12345
Puttin' the Crocs in Croc n' Roll?,[],2024-10-29T16:09:50Z,@SinnetSongs
Coke heads,[],2024-10-29T13:48:02Z,@tmoss89
"You know so many of us have been waiting for this day! absolutely legendary band, so glad to have seen them live this year finally. Also Joey wearing a Dark Throne shirt is so sick",[],2024-10-29T11:15:34Z,@Anjuroo
uh I have never seen one of those 1967 yamaha's in real life!  I wonder what he paid ?!!,[],2024-10-29T05:52:13Z,@chaoscultus
13:55 sultans of swing! What a cover that would be,[],2024-10-29T03:12:06Z,@reid171717
Poor Stu had a bad case of hay fever ğŸ˜œ,[],2024-10-29T00:47:47Z,@tompoynton
Havin a stuffy nose Stu ?? ğŸ˜‚ğŸ˜‚ğŸ˜‚,[],2024-10-28T23:46:19Z,@Miguel-m1j9m
What brand of guitar cables are these guys using?,[],2024-10-28T19:04:38Z,@DirecteurLeenhouwers
CÃ³mo por quÃ© ese wey se harÃ­a un tatu del pinche oxxo :v,[],2024-10-28T16:18:51Z,@eldiego8616
"At 11:15, the guy had a lapsus, probably thinking about Sabbath.",[],2024-10-28T14:27:47Z,@spaceshifterstereogunmachine
They're the most casual music theory nerds I've ever seen,[],2024-10-28T13:02:38Z,@soundscrazy
"Best band of my time, hands down. CANT BELIEVE I found them so late, infest the ratâ€™s nest.",[],2024-10-28T12:03:37Z,@alexhedstrom582
"Nice t-shirt, a man of good taste! ğŸ¤˜ğŸ˜€ğŸ¤˜",['Talking about Mr. Walker of course. ğŸ˜'],2024-10-28T09:46:02Z,@sverkegrndahl1650
Joeyâ€™s ready to rock out with the crocs out,[],2024-10-28T09:43:02Z,@artonion420
I feel like â€œdoes it get hot in Australia?â€œ is a hilarious question,[],2024-10-28T09:05:40Z,@artonion420
KGLW 4EVER!!,[],2024-10-28T06:28:06Z,@nigelthornberry626
Can't wait to see these guys at the Frost Theatre in Stanford next Monday ğŸ¸ğŸ¤˜ğŸ½,[],2024-10-28T04:53:36Z,@bamgrok
such a Melbourne band,[],2024-10-28T03:34:38Z,@non_brewed_condiment
Saw them this past August. Best show Iâ€™ve seen in a looooong time.,[],2024-10-28T02:01:25Z,@scotchvelo
Crocs and guitars should never appear in the same video,[],2024-10-28T00:20:46Z,@swanny3382
"Everytime you hear ""like"", drink.",[],2024-10-27T21:48:46Z,@INSKI-SYNTH
I guess I. ow why he is so creativeâ€¦looks like snow usage to meâ€¦.,[],2024-10-27T21:46:21Z,@HenriksenDolf
24:46 Barcelona story is insane,[],2024-10-27T21:10:43Z,@iwannakostenko
Iâ€™ve replaced the op amp on my Flatiron fuzz with a Juried Engineering LM308N - Precision Op Amp and it sounds f-ing awesomeâ€¦best $10 mod,[],2024-10-27T18:40:42Z,@brainjellyTV
My friend dragged me to one of their shows. Each of their songs starts out good but they never go anywhere.,[],2024-10-27T18:16:25Z,@teddnagurski5583
Dueling mustaches...,[],2024-10-27T17:18:07Z,@darrencampbell8817
The devi ever fuzz pedals were awesome..,[],2024-10-27T17:09:45Z,@elephantricity
The band that bought all the guitars that wouldn't sell because the headstock/body/everything was weird,[],2024-10-27T14:57:33Z,@neilpatrickhairless
"2:17 hes like yea im one of...uh, what he just said ğŸ˜…",[],2024-10-27T14:13:12Z,@NintenDub
Probably the most fun band name to say out loudâ€¦,[],2024-10-27T14:13:10Z,@dankygnome5083
"Wow strings that work....thats a miracle.

Its just weird to say theyre good cuz reakly any brand of string is good.its like saying shoes are good, and they can handle feet walking in them. Mind blown ğŸ¤¯,i know",[],2024-10-27T14:11:43Z,@NintenDub
Such a refreshing band,[],2024-10-27T12:01:07Z,@TIMExBANDIT
iw@ts,[],2024-10-27T11:10:33Z,@MACKHAWKSS
Soooâ€¦ they keep on calling it MICROtonal but in reality it only has some quarter tones here and thereâ€¦.,"['Sure, they could be more specific, and itâ€™s very entry level stuff, but I hope youâ€™re not arguing 24tet is not microtonal?']",2024-10-27T10:56:29Z,@simaojoseph
Please for the love of god give us a Sturgill Simpson/Lauer Joamets rundown their current tour is sounding unbelievable,"['No comment ğŸ˜‰', '@@premierguitar god bless you']",2024-10-27T07:39:13Z,@chrishockey9776
OH MY GOD IVE BEEN WAITING FOR,[],2024-10-27T05:50:34Z,@jacksonsherrill9484
there might be more spoken â€˜likeâ€™ in the video than the thumbs up count,[],2024-10-27T05:27:26Z,@colewmiddleton
That has to be the worst rig rundown Or one of the worst I have ever watched!!!,[],2024-10-27T02:58:42Z,@thesaj1110
The irony of him talking about how it's just a clock on his pedalboard and then the rundown gets cut short because it's time for soundcheck ğŸ˜‚,[],2024-10-27T00:52:56Z,@forlornfoghorn
That Idris sounds sooo good ğŸ˜­ğŸ‘ğŸ¼,[],2024-10-26T22:23:51Z,@ernestschmidt8761
i've been waiting,[],2024-10-26T15:54:36Z,@steelingcable6350
Harnonic flights,[],2024-10-26T15:03:12Z,@ImmortalDuke
The most important part of the rig is the blue crocs,[],2024-10-26T14:48:29Z,@mynameisnotcory
"take a shot every time he says ""like""
edit: ok I think I'm dying",[],2024-10-26T13:49:23Z,@lazylion420
"Been waiting for this rundown. Awesome, Thanks!",['Enjoy!'],2024-10-26T13:43:30Z,@tronic5x5
i just thought after years of doing these videos this bald fuck would learn a few things about guitars and be able to ask better questions,"['Bald fuck here, what did I miss?']",2024-10-26T13:06:15Z,@oldpezza5318
Amazing rundown love these guys!! props for the DarkThrone Shirt!!,[],2024-10-26T12:36:48Z,@jefferyschmitz3009
Modular table setup rundown when????,[],2024-10-26T12:16:41Z,@k.g.47
"Bleeding hipst3rs. And please take off the darkthrone shirt, boy.","['shush Karen.', 'Lil how is Gizzard hipsters?']",2024-10-26T06:54:34Z,@karljanus8308
barefooting and tube amps don't mix.,[],2024-10-26T06:44:40Z,@xpump876
"I own the exact flying V, the faded series were unloved when released but they are a wicked workhorse.",[],2024-10-26T06:02:28Z,@dirtmonkey4x435
"Iconic band,iconic rigs,iconic riffs, iconic mustache and iconic crocs. Love the Kings! Keep it up guys ğŸ¥°",[],2024-10-26T05:34:08Z,@CatFelixtube
joey is tha man,[],2024-10-26T04:56:07Z,@haikalemir3623
Where can I get that Dolly Parton shirt??,['https://www.instagram.com/localsummerdesigns'],2024-10-26T04:27:12Z,@Brandon-en5js
"I actually searched for this last week, I did not know if they had done one yet.  Thanks!",[],2024-10-26T04:01:21Z,@Nic______
1:13 holy shit 100Âº Celsius is no joke! ğŸ”¥ğŸ”¥ğŸ”¥,[],2024-10-26T03:58:57Z,@saggygnaw
Oh really,[],2024-10-26T03:54:22Z,@christophernunez6473
DARK THRONE SHIRT GOES HARD,[],2024-10-26T02:01:16Z,@christianhoff689
Wow Jess the party pooper!,['There would be no live rockâ€™nâ€™roll without these very important party poopers'],2024-10-26T01:23:06Z,@Iamnotcertain
"I'm sorry?! A King Gizzard EQD pedal? I don't need a vox pedal, but I would absolutely buy an EQD/KGLW vox pedal anyways!",[],2024-10-26T00:58:17Z,@MrNovember91
hell yes! gizz making it big !,[],2024-10-25T23:30:47Z,@danielcarter3928
"0:49 I'm sorry, what?",[],2024-10-25T23:13:57Z,@llewodcm20
Joey LOVE the Under A Funeral Moon t shirt!! nice one maaaate,[],2024-10-25T22:57:42Z,@coldacre
Yeah fuck yeah fuckin oath,[],2024-10-25T22:03:54Z,@michaeldebavay5914
29:08 What does he mean with 12s? anyone knows what strings he is using?,['I think they have an Ernie Ball endorsement so either magnum or mammoth slinkies would be my guess'],2024-10-25T21:59:51Z,@RHCP686
Straya!,[],2024-10-25T21:52:09Z,@NeonBlade
They really would have run out of time without that cheeky stiff prior to filming.,[],2024-10-25T21:37:19Z,@alinack69
"God that tone is shit, but cool rigdown",[],2024-10-25T21:33:47Z,@g3ng4rb0i3
The only other thing that would have made this perfect is for Stu to walk back to the amp and show that it has an â€œ11â€ setting,[],2024-10-25T18:48:35Z,@unclefreddy2009
As someone who is a rabid fan of the band and have seen them many times nothing makes me happier than to hear Stu say that they most likely will revisit the land of microtonal (and others too). I was getting a little worried with b741 that this was going to be a more permanent direction. The best band in many many years.,['LW and FMB are both top 5 so i would love another microtonal'],2024-10-25T18:41:54Z,@unclefreddy2009
Stu is allergic to shoes,[],2024-10-25T16:45:13Z,@katana2635
"comment # 301 
goo job bois",[],2024-10-25T16:39:38Z,@joegrant6542
Cant believe he's using a Devi Ever fuzz! She was one of the OG boutique pedal makers.,[],2024-10-25T16:38:45Z,@theyreMineralsMarie
"13:51 ""knopflery shit"" ",[],2024-10-25T16:31:00Z,@nclsrfn
18.09 that was hot,[],2024-10-25T15:32:48Z,@nes8936
Which pedal does Stu leg drop on? ğŸ˜‚,[],2024-10-25T14:11:01Z,@natedetailscars
I saw King Gizzard at Bonaroo in 2015. That was a fun set.,[],2024-10-25T13:16:10Z,@garrettmancuso4417
dudes rocking crocks and a darkthrone tee shirt talkinbout how the microtonal trills are familier cus he's into cheesy r & b folk (whatever that is).... that the most fucking brunswick (of melbourne australia (where these cunts are from)) thing i've ever heard,[],2024-10-25T12:44:51Z,@axisvillain7222
DARKTHRONE!,[],2024-10-25T11:30:05Z,@t3r080
They are the most skilled artistic creative free band currently in existence. Freaking bad ass.,[],2024-10-25T11:29:21Z,@greatstuffs
"I just have to say, people need to stop saying â€œyou guysâ€™sâ€. Itâ€™s embarrassing.",[],2024-10-25T11:08:17Z,@Dan.Solo.Chicago
I'm just here for the flying microtonal banana,[],2024-10-25T11:06:31Z,@jevinday
i always thought these guys would look cooler based off the name,"['Crocs and darkthrone t-shirt. If thatâ€™s not cool I donâ€™t want to be cool. These boys are way too chill to care about theatrics, but they do have some sick video backdrops throughout their shows. Go see them live if you havenâ€™t']",2024-10-25T10:22:07Z,@user-pl7lr5dn8q
Dark Throne shirt and Crocs. Perfection.,[],2024-10-25T10:19:39Z,@alexfynney1891
Greatest band out,[],2024-10-25T10:12:00Z,@ajolle4230
someone should tell stu they made reissues of the samurais in the early 2000s,[],2024-10-25T10:02:00Z,@dixinmayas938
Foook yeah. This band had been redefining music and music business while Rick Beato laments the death of top 40 rock. Ausssieee,"['Hell yeah, that tragic boomer can get rekt']",2024-10-25T09:56:47Z,@lukenovotny5638
Cool dudes ğŸ¤™,[],2024-10-25T09:07:27Z,@jamproject9
24:28 Gibson should really make Stu a holy explorer signature. It would fly of the shelves like crazy.,[],2024-10-25T08:56:19Z,@SBanas
For me they're the most important and interesting band of this century. I'm sure they're gonna be remembered as a Pink Floyd of our generation.,[],2024-10-25T08:32:54Z,@SBanas
"Love how quickly it went from ""This thing is literally just a clock"" to ""TIME IS UP, BOYS""",[],2024-10-25T08:18:05Z,@nicklassayshi
WOOOO King gizz!,[],2024-10-25T08:03:06Z,@TheBayman99
long overdue! brilliant stuff!,[],2024-10-25T08:01:13Z,@henrydemonfreid1985
"Waiting for Crocs to go full circle ğŸ’©

ğŸ‘ğŸ‡¦ğŸ‡º",[],2024-10-25T07:20:45Z,@shanebrbich5698
"These guys are epic, what a combo",[],2024-10-25T07:13:04Z,@Jonoz1969
Your best episode...,[],2024-10-25T07:10:13Z,@Mottspockets
"I dont even listen to these guys, i just love people nerding about guitar gear",[],2024-10-25T07:08:06Z,@joshualessore7652
nice Darkthrone shirt !,[],2024-10-25T07:05:04Z,@artielukas888
FINALLYYY,[],2024-10-25T06:13:36Z,@benguarno1363
Damn where's cookie dawg? ğŸ˜¢,[],2024-10-25T05:45:50Z,@cursed.records
"Love rig rundown, I've been hoping for a gizz episode for YEARS! Thankyou so much!",['Our pleasure!'],2024-10-25T05:18:00Z,@Lozarenn
"I'm not sure who's idea it was to wear the fake moustaches, but they look great!",[],2024-10-25T04:47:08Z,@Polyphemus.
Jess not having it,[],2024-10-25T04:44:25Z,@Krameberry
ALL HAIL DARK FUNERAL.,[],2024-10-25T04:15:50Z,@Patrick-mg3jp
su tatuaje del oxxo  de Joey xd,[],2024-10-25T04:14:54Z,@alex_xro
28:00 dude rips a Mastodon Riff immediately. Huh knew I liked this band hahaha!,['From which song? Love that little riff he plays.'],2024-10-25T03:10:42Z,@JDubzDrumz
â€œIâ€™m on that trill sh!t.â€ â€”Joey,[],2024-10-25T03:10:09Z,@samson782
Joey wearing Crocs is a power move,[],2024-10-25T03:03:04Z,@thelawsonman
38:28 Mum was NOT having this bullshit.,[],2024-10-25T02:37:17Z,@41DegreesSouth
"Back in my day when we wanted the notes between a fret we had to bend the string. Rock on, Gizz.",[],2024-10-25T02:06:51Z,@Les537
that show was so dope! the guitars sounded phenomenal! and then Cavs' twin hit the stage! lol,[],2024-10-25T01:56:16Z,@melvined
That woman at the start talking about low tunings with 10g strings lol Drop D doesn't count,[],2024-10-25T01:49:27Z,@DrMurdercock
"I love Stu's mentality on guitars at 23:19, not caring about the neck shape, or being nit-picky about little details. Just using the instruments for the experimentation and art of it all, and embracing the differences between his guitars.",[],2024-10-25T01:25:54Z,@alexraia1377
"Best band ever. I don't care. You will probably comment a band down there like ""best band ever...what about the beatles"" or whatever band and the answer is yes better than those.",[],2024-10-25T01:03:19Z,@disliked1390
what a stupid band name,[],2024-10-25T00:59:40Z,@sixthgatebass
"If I love Omnium Gatherum, where should I go next in their discography? I love the variety. The boogies boogey and the rock rocks. I like the one after it petrosomething or other itâ€™s just a little heavy on the heavy. Which is good stuff but their strength is going from Gaia to Sadie Sorceress","['Their other variety album is gumboot soup, with songs like The Great Chain of Being, and Beginners luck!! But if you want vibes of Gaia in a whole album, check out PetroDragonic/Infest, and if you want more Sadie vibes, check out some gems like Gilgamesh and Change', 'Try Changes, I feel like you would appreciate that album:)', 'Laminated Denim is severely underrated, Hypertension is one of their best tracks. Fishing for Fishies has a ton of boogies and fun variety from folk to Devo. Sketches is a classic and what Stu says is a good first album to listen to. Mind Fuzz and Float Along Fill Your Lungs are probably the core of their sound.']",2024-10-25T00:53:19Z,@Mick-mi7zg
Stu. One day at a time. â¤,[],2024-10-25T00:31:30Z,@patrickmcmanus5373
"Of course, Stu is barefoot lol",[],2024-10-25T00:16:08Z,@JustoBlondo
"The saying used to be ""New York London Melbourne Paris"" and now they dropped the Melbourne for some reason ğŸ˜‚",[],2024-10-25T00:07:48Z,@patrickmcmanus5373
thanks for the support!,[],2024-10-24T23:44:59Z,@vvcopedals
"Amazes me how people still call the 2 and 4 positions ""out of phase"".",[],2024-10-24T23:44:27Z,@benjaminwoodrowmusic6070
Jess canâ€™t stop him. No one can!!!,[],2024-10-24T23:31:51Z,@remedyzskate
"""Like um like like like like un anyway um like like like"".  Very interesting . . .",['Hater energy'],2024-10-24T23:18:29Z,@livy1962
ğŸ—£ Jess is cracking the whip to head down ğŸ—£,[],2024-10-24T23:10:15Z,@ninaeatworld
"Joey with a Darkthrone t-shirt, will we see a black metal gizz album?",['We can only dream'],2024-10-24T23:07:49Z,@KhalidElMouloudi
So sick to have these guys on here.,[],2024-10-24T22:56:27Z,@ZacTBH
Finally a guitar rig with these guys!,[],2024-10-24T22:32:12Z,@TheRodolfoVideos
About damn time we got THE BOYS on a rig rundown,[],2024-10-24T22:29:59Z,@jab00ty42
My favorite band. Every album is an experience.,[],2024-10-24T22:20:25Z,@alivonal7442
Greatest touring band in the world right now. They put on the best show Iâ€™ve seen you gotta go see this band live,[],2024-10-24T22:10:13Z,@zanderkahres8112
I hope Stu isnt in any opiates.... itching his nose alot and it's red....,"['Nerves more like', ""It's bag ya dingus""]",2024-10-24T21:32:51Z,@WeezelSnouts
The sultans lick 13:58ğŸ˜‚ğŸ˜‚ğŸ˜‚,[],2024-10-24T21:25:52Z,@Tanzanialanding
My TV blew up while watching this cause it couldnâ€™t handle this much mustache,[],2024-10-24T20:45:00Z,@largefriesMrGravy
"Not my favorite band, but definitely one of the best bands I've seen live.",[],2024-10-24T20:41:16Z,@madcat5965
I'm a clueless drummer and I loved every second of this.,[],2024-10-24T20:15:36Z,@patrickyoung8277
Basically guitar necklaces,[],2024-10-24T19:58:40Z,@readysetmoses
"I would never play electric guitar barefoot , I know itâ€™s different now but I heard about a guy in the yard birds that stepped in a puddle of water and got electrocuted and died , he was young",[],2024-10-24T19:45:51Z,@fleadoggreen9062
"I have absolutely no idea what they are talking about but its great and I'm all for it!
King Gizz Rock!",[],2024-10-24T19:35:33Z,@HorridDave
"Might be a dumb question, but does anyone know what coiled cable Stu is using? I don't recognize the black pancake plug.",[],2024-10-24T19:32:36Z,@garmacintyre
I HAVE BEEN WAITING ON THIS FOR YEARS,['ok'],2024-10-24T19:17:02Z,@patrickmurray4772
YESSS FINALLY,[],2024-10-24T19:10:06Z,@Gliese710_
Bro whereâ€™s cookie,[],2024-10-24T18:52:10Z,@McDoinky
the oxxo tattoo,[],2024-10-24T18:51:40Z,@peeepppy
SI,[],2024-10-24T18:51:21Z,@tmvps
"I don't ""want"" to interrupt you Stu but let me walk right into the frame and snap a clapperboard at you guys like I'm the A.D. on a Tarantino movie and you're not actually my employer that I should have politely signaled to off camera. What a sweetheart ğŸ¤¢ She seems like a really fun and interesting person to be around ğŸ‘€","['Enough hate already, she is literally doing her job. Thatâ€™s what sheâ€™s there to do, so the boys donâ€™t have to have that stress and be the rude ones. The boys need to sound check. They have a gig to do. Itâ€™s thanks to people like her live shows are possible. You get to be upset when the venue pulls the plug to the stage, but not this']",2024-10-24T17:54:57Z,@AnodyneHipsterInfluencer
I used to pray for times like these.,[],2024-10-24T17:44:46Z,@gamezharks
"Canâ€™t wait to see where that Earthquaker vocal pedal goes, hopefully public sooner than later",[],2024-10-24T17:33:42Z,@inc388
Say â€œmicrotonalâ€ one more timeâ€¦,[],2024-10-24T17:07:46Z,@rogn1237
like like like :D,[],2024-10-24T17:01:08Z,@hustlinc3540
I LOVE THE GIZZZZZZZ!,[],2024-10-24T16:46:24Z,@iPig
So fucking upset I missed this show,[],2024-10-24T16:27:16Z,@mr.miserlou8323
Moustache Standoff!,[],2024-10-24T15:33:26Z,@Tom-gr4em
stu got the dogs out !!!!!,[],2024-10-24T14:30:09Z,@BenMarkParry
"Thank you, Jess, for giving Stu an extra 2-3 minutes! Gotta keep the boys in line but we've been waiting for this Rig Rundown!",['well when youâ€™ve done that much coke itâ€™s pretty hard to stop someone talking ğŸ˜…'],2024-10-24T14:25:40Z,@mybreathyourlung
kinda sad that there is no conversation with Cook. he's absolutely brilliant,"['He politely declined and as you could see, TM Jess said time was out ğŸ¤£']",2024-10-24T14:08:39Z,@SewSawThief
"""We need to wrap this up and do sound check""
""Let's do 2 more mins, thanks jess""
When you're your own boss.",[],2024-10-24T13:59:38Z,@kyles5513
And got a humbucker just to fucken to Angus Young that shit,[],2024-10-24T13:26:03Z,@BenFTI2K
Holy fuck i played at main drag!!!,[],2024-10-24T12:12:09Z,@cookerjam
Yamaha should make a modernized/updated signature model of Stu's Flying Samurai.,"['They should call it the â€œYamahan Tyumi flying samuraiâ€', '@@JacowateHamaeran They will 100% miss that opportunity but i love it']",2024-10-24T11:43:36Z,@RoelHovenga
"Nova guitars are SEXY A.F... 

Can't we all agree?",[],2024-10-24T11:38:09Z,@basildog007
Love their guitars!,[],2024-10-24T11:38:02Z,@AbstractCatsMedia
FINALLYâ¤ï¸,[],2024-10-24T11:13:06Z,@bimlenbamlen6289
More microtonal music?? Please!,[],2024-10-24T10:37:28Z,@anusername8350
Please do another with Cookie and Luke!,[],2024-10-24T09:55:32Z,@deckboys9867
"Joey rocking the Under a Funeral Moon shirt, you know bro has good taste",[],2024-10-24T09:31:06Z,@purgatoriolamosca
Omg omg omg gizz rundown,[],2024-10-24T09:23:13Z,@1tsmeadam
â€œTrill shitâ€. I LOVE these lads so much. â¤,[],2024-10-24T09:03:59Z,@TheBurdenOfHope
Yes. Finally!,[],2024-10-24T08:46:12Z,@rapragermusic
"I somehow have a more accurate king gizz pedalboard than king gizz does currently lolll

Guitar hero ass mfs",[],2024-10-24T08:06:22Z,@LordBorbos
36:30 someone needs to make a wah pedal with a BEEFY button and make it the Stu signature pedal,"['@@Treyorrrr wah/expression, with a delay setting on it would be something else.']",2024-10-24T07:22:31Z,@Treyorrrr
Saw them that night. Was a good show,[],2024-10-24T06:07:22Z,@PetfaxTV
11:07 I donâ€™t believe these guys have a hip-hop song. Maybe what they think is hip-hopâ€¦..,"['Ooooooo Sadie Sorceresssssss', ""Nah, definitely Hip Hop. It has rapping, the right drums, sound and tempo. It's Hip Hop."", 'Hate to break it to you, but they have two hip hop songs', 'If those tracks arenâ€™t hip hop I guess wutang and beastie boys arenâ€™t hip hop either']",2024-10-24T05:47:52Z,@middlesidetopwise
Love watching two mustache guys ğŸ˜„ğŸ”¥,[],2024-10-24T05:28:42Z,@studioruangsvara
Best YouTube video Iâ€™ve seen maybe ever! Love Gizz!,[],2024-10-24T04:59:02Z,@SimonT54
I feel sorry for anyone who is a completist collector of Gizz releases.,[],2024-10-24T04:39:06Z,@SonovaBish
"Aussie Aussie Aussie, OI OI OI!!!  \m/",[],2024-10-24T04:36:24Z,@DMSProduktions
Trill shitâ€¦,[],2024-10-24T03:42:56Z,@ElG303
"Jess is crackin the whip, to head dooown...",[],2024-10-24T03:03:32Z,@dirtrockground4543
Who is JoeğŸ˜‚,[],2024-10-24T02:50:06Z,@pharphromphinished
08:33 is the most Aussie thing you'll hear all day,"['Hahaha I was thinking the same!', 'Angus Young that shit every day.', ""I mean.... It's not something like half of Americans wouldn't say either though.""]",2024-10-24T02:36:57Z,@LeonTodd
wearing a Darkthrone shirt . under a funeral moon is my fav bm album. great video joey is great.,[],2024-10-24T02:27:56Z,@tommythetrain1945
the flying banana is so iconic,[],2024-10-24T02:12:12Z,@zhalosc
"Sounds like he's been catching crocodiles all day, m8!",[],2024-10-24T02:03:19Z,@sgtwurstmesser
Whyâ€™d they change the thumbnail?,[],2024-10-24T02:01:45Z,@CamMan34
"crazy aussies represent, love em",[],2024-10-24T01:59:20Z,@johnnyresistance
Dressed like he's in a 80's P.E lesson at school,[],2024-10-24T01:53:23Z,@JN-North.Guitars
this is exactly what we needed,[],2024-10-24T01:49:46Z,@espanjolo830
I nearly fuckin passed out,[],2024-10-24T01:48:01Z,@ThruThaRoofComedy
The moustachğŸ‘¨e club! ğŸ˜‚ğŸ˜‚ğŸ˜‚,[],2024-10-24T01:47:11Z,@JN-North.Guitars
"As Amby says, Jess is crackingâ€™ the whip ğŸ˜„",[],2024-10-24T01:39:33Z,@mvhsm
Canâ€™t wait to see them live in a monthğŸ¤˜ğŸ»ğŸ¤˜ğŸ»ğŸ¤˜ğŸ»,[],2024-10-24T01:37:35Z,@cobyward2878
now we need one with lukey,[],2024-10-24T01:20:12Z,@zhalosc
Jess coming in hot to kill the vibe,[],2024-10-24T01:09:22Z,@seanryan3937
I'm wait this for a long time..,[],2024-10-24T01:06:59Z,@swg480
This is the most excited Iâ€™ve ever been to watch a YouTube video,[],2024-10-24T01:04:26Z,@drewpitt9100
Of course Walky Jake would wear the crocs,[],2024-10-24T00:54:07Z,@kmmk292929
0:37 Croc Rock ğŸŠ ğŸ¸,"['Hate that guy', 'ğŸ˜‚']",2024-10-24T00:39:26Z,@Cguy7
"Bad ass. We've all been waiting for this one. 

Thank you!",[],2024-10-24T00:05:08Z,@ivanivebeen
Very psyched.,[],2024-10-23T23:41:40Z,@michaelcarrig627
Also the sidequesting Stu storiesâ€¦ alllll dayyyyyy,[],2024-10-23T23:41:37Z,@emshaw27
King Gizzard is definitely my favorite band going right now,"['We feel for you', ""\u200b@@karljanus8308why? They're great""]",2024-10-23T23:40:42Z,@lesclaypoolonbass9431
"Stu's Holy Explorer was my favorite King Gizzard guitar, its a shame the venue broke the headstock off",[],2024-10-23T23:40:24Z,@JaeMightBeWrong
"â€œWe often run into hard curfewsâ€ 

â€œWE REALY NEED TO WRAP THIS UP AND DO SOUND CHECK!â€ ğŸ˜‚ğŸ˜‚ğŸ˜‚ğŸ˜‚","['She really couldnâ€™t handle herselfâ€¦', 'That was either scripted or the best timing ever lmao!', '@@mizbridge lol thats what i was thinking too! felt like she was actually so on cue that they just had it scripted']",2024-10-23T23:38:45Z,@trevormekelburg3773
Now i have to see cookie's and Lucas's rig â¤,['Lucas did one a while back.'],2024-10-23T23:31:35Z,@pedrovitor1242
The Kubla Khan of Rig Rundowns. Joey 4eva,[],2024-10-23T23:27:09Z,@emshaw27
the coolest band on the damn planet ğŸ¦ğŸ§™â€â™‚,[],2024-10-23T23:16:43Z,@martincamisay
anybody else notice jay Weinberg in the background of the soundcheck parts.,['Iâ€™m not sure if this was the show he played drums for Perihelion or Le Risque on.'],2024-10-23T23:12:50Z,@roryb7783
Why no Cookie Dawg rundown ğŸ˜¢,"['He kindly declined ... and we ran outta time as it was! ğŸ¤£', ""@@premierguitar that's so fair, maybe you'll have to try and come back and get him and Lucas another time""]",2024-10-23T23:07:36Z,@K0kEEE
"Alright one down, now get fucken Dwyer on this.",[],2024-10-23T23:05:00Z,@seasonedstefan
"ive never seen someone punkify a rick, awesome i havent even watched the video yet. Does that say Dickenbacher =)",['i see'],2024-10-23T23:03:22Z,@manuelsegoviano1572
What about Lucas and Cookie?,['Both kindly declined ... and we ran outta time as it was! ğŸ¤£'],2024-10-23T22:45:00Z,@ryanpetriello3461
WOOOOOOO!!!,[],2024-10-23T22:33:22Z,@jmarvosa6x3
Thank you,[],2024-10-23T22:27:28Z,@TGW420
WHAT ARE THE PICK UPS THO? ğŸ˜­,[],2024-10-23T22:14:46Z,@Streamingfriendlyunitshifter
what about the Table?  i'm really interested in the details of that thing!,[],2024-10-23T22:10:41Z,@doubleu2
premier harmonica with ambrose when,[],2024-10-23T22:07:59Z,@emperor_slime_
I have that same V.  I love those inlays.,[],2024-10-23T21:54:41Z,@JoshuaLTRyan
"Thank you Premier Guitar!! The Gizz bois are the best, excellent musicians","[""Couldn't agree more!""]",2024-10-23T21:47:55Z,@davidrewit
I've been waiting ages ğŸ˜,[],2024-10-23T21:47:33Z,@Caveira138
"Thank youuuuu premier guitar, been waiting for this for soooo long",['Hope you like it!'],2024-10-23T21:40:52Z,@Danny-uj9yn
In a casual fan of if the band but i love their unpretentious not giving a fuck approach to everything. Dude is out there ripping in crocs. Awesome band.,"['Their absolute lack of fashion sense is one of my favorite things about them ğŸ˜‚', 'i mean stu went barefoot, it seemed like they just woke up and got their morning coffee while hanging around the stage', ""\u200b\u200b@@guilllllack of fashion sense? I think they all have an excellent sense in fashion, they're just not wearing anything fancy on stage I guess"", ""I'm from the suburb where these boys are from and I can tell you what he's wearing is what they wear around there. But definitely still down to earth"", ""@@user-nc1pk7lz6d Man loves being barefoot. I'm pretty sure I've seen videos and images of him just being barefoot in the studio, like a little goblin who happens to be a phenomenal musician at the same time""]",2024-10-23T21:37:54Z,@morganghetti
Man i love these guys,[],2024-10-23T21:30:41Z,@lionrivero4598
Weird dudes..,[],2024-10-23T21:26:46Z,@dondomingo025
ğŸ”¥ğŸŠğŸ”¥ğŸŠ,[],2024-10-23T21:26:31Z,@HiwattOfficial
Love these dudes. Wish we got a video with Cookie and Lucas too.,['Both kindly declined ... and we ran outta time as it was! ğŸ¤£'],2024-10-23T21:26:18Z,@richardsteffens6159
Drinking game! Take a shot every time Joey says â€œlikeâ€ ğŸ˜‚,"['No thanks I like my liver ğŸ˜‚', ""It's annoying"", 'Iâ€™d be dead.', 'Or when Stu touches his nose ğŸ¤­', ""\u200b@@hermano_mariohe look like he's high on opiates......sad...""]",2024-10-23T21:26:16Z,@joelsandberg3930
Darkthrone T-Shirt! +1 credits!,[],2024-10-23T21:19:53Z,@davelanciani-dimaensionx
"LETS GOOOO FINALLY, why didnâ€™t u get cookie tho?",['He kindly declined ... and we ran outta time as it was! ğŸ¤£'],2024-10-23T21:18:46Z,@idiosyncraticmushroom3030
How the hell did stu hide that guitar under his shirt,[],2024-10-23T21:11:38Z,@juliantaylor5956
To see these amazing musicians make their magic is astounding.,[],2024-10-23T20:58:48Z,@patrickkeenan6331
Does Joey have a Billy Corgan tattoo n his leg?,[],2024-10-23T20:56:27Z,@charliebartlet1384
Great to see this. Itâ€™s struck me that some of my favorites on here and some of my favorite bands/guitarists have quite a minimal set-up and they still cover soooo much sonic ground just by being creative with it. Thinking of this and Mark Speer for example. Great stuff!,[],2024-10-23T20:53:32Z,@MarnibiOutThere
i've never seen a clapboard hurry up a rig rundown before lmao,"['lol then they continue to keep talking about the clock', '\u200b@johnward3732 the irony there killed me haha']",2024-10-23T20:52:40Z,@ewetoo
THIS IS NOT A DRILL,[],2024-10-23T20:48:13Z,@crisismethodactor
"holy crap this is awesome! thank you!!! light em up, T!",[],2024-10-23T20:47:38Z,@madinfects
"YES YES YES YES YES YES YES YES YES. 
I have watched so many of their shows this year, wishing I had a rundown of their gear. Joey's Novo sounds INCREDIBLE in every show. I'll see them in Vegas soon. Can't wait.",['Im seeing them for the first time in California. The Frost Theater in Stanford \nCant wait \nBringing my brother he has no clue who these guys are'],2024-10-23T20:47:05Z,@thejacobean
Literally gasped seeing this get posted. HELLS YEAS LOVE THE GIZZ BOIS,['ğŸ¤˜'],2024-10-23T20:40:25Z,@russellheppell3997
The Moustache Show,[],2024-10-23T20:39:28Z,@pedrotoledo2414
hell yeah!!! gizzgang,[],2024-10-23T20:36:41Z,@oneminutesongs69
For Stu: https://en.wikipedia.org/wiki/Mechanical_advantage,[],2024-10-23T20:24:15Z,@richardpugh5489
EGG !,[],2024-10-23T20:22:26Z,@Thee_Attic
The best Rig Rundown EVER.,[],2024-10-23T20:15:36Z,@patrickkeenan6331
Anyone know what shirt Joey is wearing?,"['Darkthrone', '@@salt_syrupquestionmarkeightco thank you!!']",2024-10-23T20:10:42Z,@evanbrooks8737
"Iâ€™d love a run down of Cookies and Lucasâ€™s rig same with Ambrose to.
That would be cool as shit",['Synth table rig rundown..'],2024-10-23T20:08:09Z,@Tosspot8140
Love seeing these guys rotate guitars through a show!,[],2024-10-23T20:00:54Z,@Madakalim
crescent moon,[],2024-10-23T19:59:34Z,@richardpugh5489
â¤â¤â¤â¤â¤,[],2024-10-23T19:57:39Z,@Verfin_Dima
King Gizz Croc rocking kings ğŸ¦ğŸ‘‘ğŸŠ,[],2024-10-23T19:54:55Z,@Digosaurus
YESSSSSSSSS,[],2024-10-23T19:51:59Z,@3eby4b
"Also, canâ€™t wait for the prices of Flatiron Fuzzes on Reverb to go up about 300% ğŸ˜‚",[],2024-10-23T19:49:55Z,@NineTo5Golf
Gotta love Walky Jake,[],2024-10-23T19:48:56Z,@brunaodavila
Been waiting for this one!!!!,[],2024-10-23T19:48:24Z,@chrisjbauer3170
Just wanted to say thank you before even having watched this.,[],2024-10-23T19:48:08Z,@matthewfischer3312
"Microtonality is the use in music of microtones â€” intervals smaller than a semitone, also called ""microintervals"". It may also be extended to include any music using intervals not found in the customary Western tuning of twelve equal intervals per octave. In other words, a microtone may be thought of as a note that falls ""between the keys"" of a piano tuned in equal temperament.",[],2024-10-23T19:40:59Z,@ShaneinDSM
Oh my god I'm in love. You guys just earned a sub,[],2024-10-23T19:30:09Z,@Nega-Tim
LOVE these dudes! Rad to check out their gear and philosophies,[],2024-10-23T19:20:56Z,@frankiesunswept
"The microtonal thing is super interesting, but why not just go full fretless at that point?","['Chords are a nightmare on a fretless, and while microtonal guitars already sound ""out of tune"" you can get really pitchy easily with a fretless.\nThey are similar ideas, but freeness and micro tonal guitars are different enough to necessitate both existing.', 'I purpose the opposite, why not get all 24 frets per octave. Or adjustable frets if they ever want to branch out. Fretless is incredibly demanding of the players ears and not really suitable for garage rock.']",2024-10-23T19:11:18Z,@ryanmiller9999
LETS GOOOOO,[],2024-10-23T19:04:12Z,@poonspoonful
"I've been watching this tour on YT, and I'm seeing them in OKC in a few weeks. I'm stoked.",['have fun!!'],2024-10-23T18:59:48Z,@boofert.washington2499
my favorite band will be seeing them less than month cant wait,[],2024-10-23T18:54:49Z,@boblanzillo2144
Oh hell yeeaa! Thank you!,[],2024-10-23T18:50:22Z,@Inic
Godddd I've been waiting for this!!!,[],2024-10-23T18:34:58Z,@NineTo5Golf
I canâ€™t listen to anything else besides King Gizz since my brother introduced them to me and my boyfriend three years ago. Everything I used to like is so boring now. They really are the real kings!,[],2024-10-23T18:32:43Z,@fbggo
lest gooooooooooooooo,[],2024-10-23T18:22:36Z,@henryohse1
"I love how when he said Gaspar, I knew exactly who he was talking about from watching the tour streams this year. I know their guitar techs name and their lighting guys name.",['â€œLight â€˜em up T!â€¦Make me sound good Sammy!â€'],2024-10-23T18:07:14Z,@TheQuietOne02
Finally!!!!!!,[],2024-10-23T17:57:21Z,@Swagadelic_Wizard
They released 17 more albums in the time you were watching this ğŸ¦ğŸ§™â€â™‚,"[""And they still don't know what a BaÄŸlama or Saz is."", 'ğŸ˜…ğŸ˜…', 'And there all poo', 'lol and what that shit sound like? Dookie?', '2013-2017 was my fav stretch + when I first ran into them. I remember going to hear some Quarters / Nonagon / Mind Fuzz + Microtonal Banana - Infest the Rats Nest was a huge part of the setlist. \nIt was such a curveball, kind of loved that. Stumbling into a laneway moshpit playing Mind Fuzz with a circle of people rocking propellor hats.. Gizzfest.. what a time.\nRock on fellas.']",2024-10-23T17:51:20Z,@eightfootmanchild
crocsodile dun deeeee,[],2024-10-23T17:50:10Z,@bad_dreams_hex
"these guys just radiate Australian energy, going through their rigs in nylon shorts and barefoot...

Really wish Stu brought along the Holy Explorer, would have loved a closer look at that","[""Isn't that the one that got totally smashed in an elevator a couple years back ?"", '@@cyyytr0n He had it repaired, but he might be saving it back for studio purposes only.', '@@psychedeliccarrie5921 could be that, I think he bought a Dimebag Darrell signature-like Washburn as a substitute']",2024-10-23T17:48:24Z,@tedbillings4871
"These guys are so great. Some real outside of the box creativity backed up by them just being homies, itâ€™s inspiring. I read an article that their newest album (my top record of the year by a mile) didnâ€™t use pedals, just bought a ton of super cheap starter amps and abused them for their tone lol.",[],2024-10-23T17:45:49Z,@TheQuietOne02
Great RR and band!!,[],2024-10-23T17:41:37Z,@FromtheSoultotheFretboard
"just wanna share nyxl strings are the most perfect string ever made, i stand by them with every string change its only nyxl now.","['after 40 mins of cool setups youâ€™re here to just champion a companies strings?', '@@sommelierofstench was watching this rig rundown love king gizzard they local legends where they come from, i live in the same city as where the band started.\ni just wanted to share my love of nyxl strings cause they stay in tune better then other strings and that helps everyone, im not getting paid this is legit the only time id say this, its just honest love for music products that actually help.']",2024-10-23T17:36:36Z,@BataraKado
"those dudes man, so great and so chilled, gotta love them!",[],2024-10-23T17:35:06Z,@andremanfrinigarcia6628
10 years ago vince wouldve have creamed his pants for this,[],2024-10-23T17:27:44Z,@vince3804
Awesome!  No Cookie though and he's the goat!,"['Cook kindly declined ... and we ran outta time as it was! ğŸ¤£', '@@premierguitar its all good. very awesome of yall to get this and put it up for us kglw fans.   super grateful! thanks!']",2024-10-23T17:27:40Z,@1997Ghost
WOAH,[],2024-10-23T17:27:25Z,@vince3804
been waiting for this!  Best band around,[],2024-10-23T17:24:31Z,@RIckdog42
I canâ€™t listen to someone who says the word â€œlikeâ€ in  Every sentance,"['*sentence', '@@rockmann83 I guess I turned off my spellcheck', 'Aussies always sound like their apologetically explaining themselvesğŸ˜…', 'Stop being a pussy']",2024-10-23T17:23:47Z,@martygraw1406
Never clicked on a vid so fast,['Me too and I donâ€™t even own a guitar. But this one Iâ€™ve been eagerly awaiting'],2024-10-23T17:21:46Z,@jamrito
"Like, Like, Like, Like etc, totally spoils it.","['consider consulting someone for a diagnosis', 'Itâ€™s hard to explain shit without using filler words when youâ€™re not very used to public speaking in a formal way. Give him a break dude. He shreds and is trying to explain his setup in a way that heâ€™s probably never been asked about in such detail before. Joey is the shit, and he writes and performs incredible music. Chill out brah goshhhhh.']",2024-10-23T17:12:03Z,@guitarman1129420
"Greetings from Turkey, any chance of a rig rundown with the guitarist of Glass Beams?",[],2024-10-23T17:11:23Z,@ilkersatiroglu
"Could watch these guys talk about music and gear and tell stories all day long, killer band!",[],2024-10-23T17:01:13Z,@Dorachagi1
Bossy cant,[],2024-10-23T16:52:19Z,@danielktdoranie
"HOLY SHIT HAHA, Been waiting for this one for a decade!",[],2024-10-23T16:51:19Z,@Asleepdrifter
Finally!!!!!! Iâ€™m gonna cry,[],2024-10-23T16:51:15Z,@dorianford6227
Flatiron Fuzz is EHX's Rat clone right?,['Rat2 specifically...'],2024-10-23T16:44:14Z,@blakebellis
Holy shit! I've never clicked on a Rig Rundown faster than this! These guys are the greatest group in music right now!,"['ğŸ’¯', ""I wouldn't say in music, but in Rock'n'Roll absolutely."", 'Boom! Well said â¤', '@@guillll they are multi genre, definitely in music', ""@@guillll then tell me who is better right now putting out consistent incredible music and touring behind it and releasing all their live shows, free and the stems etc etc. I must be missing out, I'm genuinely interested.""]",2024-10-23T16:29:33Z,@paulb808
"every NYC resident just had a stroke when Joey said ""Flatiron"" as ""flah-TEE-ron"" like it was some kind of space robot",[],2024-10-23T16:21:12Z,@interstellish
FINALLY LETS GO!!!,[],2024-10-23T16:15:53Z,@ericp7892
Couldn't click quick enough on this,[],2024-10-23T16:13:52Z,@tobymoorhouse
Hell yeah,"['Suh dude', '@@noyd4172 suh dude! ğŸ¦‡ğŸ¤—ğŸ¦‡', '@@BatmanWangChung the banana flies on batwings borther']",2024-10-23T16:13:41Z,@BatmanWangChung
ooh i've been hoping for this one!!,[],2024-10-23T16:04:30Z,@Barracuda007
Wooo! Bout time,[],2024-10-23T16:02:05Z,@thewrit6946
"Why no Lucas and Cookie Dawg 69? But, still pretty nice hearing them talk about their gear, they always used cool odd old gear and come a long way. For being such a diverse band musically I find their setup relative basic, which shows how creative they are mixing up the ingredients to come up with cool new sounds.","['Both kindly declined ... and we ran outta time as it was! ğŸ¤£', '@@premierguitar Oh, I see. Already, had a hunch it was out of time reasons. But, thanks for asking, sometimes you get the feeling they get a bit overlooked. Maybe next time.', '@@premierguitar maybe next time?']",2024-10-23T16:00:57Z,@zenondrakkensberge1854
Send outâ€¦â€œthe runnerâ€.,[],2024-10-23T15:50:18Z,@sirfultonbishop
"Love these dudes ... they just create, create, create and create! If you're not familiar, give them a listen because you're guaranteed to find something in their Gizzverse that connects with your ears and soul.","['Exactly, I fell anyone who values creativity can find something to like in the Gizzverse.', 'But which one of their 8,632 albums they released this year should I start with?', '@@stevencrippen6609Nonagon Infinity opens the door!', ""If you don't like King Gizzard, then you don't like music."", '\u200b@@kyles5513fer sure dude ğŸ‘']",2024-10-23T15:44:54Z,@chris_kies
"King Gizzard and the Lizard Wizard's Gear:
Mesa Boogie PowerHouse Attenuator - https://sweetwater.sjv.io/q4e3Wj
Fender Hot Rod Deluxe - https://sweetwater.sjv.io/DKjgB2
Boss TU-3 - https://sweetwater.sjv.io/jryA4M
Boss DD-3T - http://sweetwater.sjv.io/21QdzO
Fender Wah - https://sweetwater.sjv.io/jrM3Rv
Dunlop Volume X Mini - https://sweetwater.sjv.io/q4n5vq
Gibson Flying V - https://sweetwater.sjv.io/B0q0z9
Dunlop Cry Baby - https://sweetwater.sjv.io/AWa9Xx
Strymon Sunset - https://sweetwater.sjv.io/3eOoKK
EHX Flatiron Fuzz - https://sweetwater.sjv.io/k0734n
Wampler Ego - https://sweetwater.sjv.io/anBmNb
Boss LS-2 - https://sweetwater.sjv.io/ZQ1EbQ","['No links at all to any gear NOT from America.\n\nNice, well played.', ""\u200b@@claudevieaul1465You're a grown up. Google exists"", ""I reckon you guys a missing a beat with your mid-vid ads. Showing off a version of the pedalboard that matches (as much as sensibly possible)  the rig rundown act, I think you'd get a *lot* of interest.""]",2024-10-23T15:41:47Z,@premierguitar
